Ticker,Date,Signal Price,Zone Price,Zone Touches,Signal Volume,Avg Daily Volume,Candle,Hammer,Bullish Engulfing
SNDL,2023-11-29,1.42,1.43,56,3093600,3035304,red,False,False
AMC,2023-11-30,6.65,6.52,4,20347100,23138032,red,False,False
SNDL,2023-11-30,1.43,1.43,56,1528200,3035304,red,False,False
AMC,2023-12-01,6.86,6.52,5,24079300,23138032,green,False,False
SNDL,2023-12-01,1.5,1.43,56,2050100,3035304,green,False,False
SPWR,2023-12-04,1.11,1.05,21,32300,1227850,red,False,False
SPWR,2023-12-05,1.12,1.05,22,57400,1227850,red,False,False
SPWR,2023-12-06,1.16,1.05,23,24200,1227850,green,False,False
AMC,2023-12-07,6.82,6.52,6,11599400,23138032,green,False,False
SNDL,2023-12-11,1.43,1.43,56,2679000,3035304,red,False,False
SNDL,2023-12-12,1.4,1.39,48,3295500,3035304,red,False,False
SNDL,2023-12-13,1.48,1.39,48,4017000,3035304,green,False,False
SNDL,2023-12-19,1.44,1.39,51,5087900,3035304,green,False,False
SNDL,2023-12-20,1.42,1.39,51,4577200,3035304,red,False,False
SNDL,2023-12-21,1.46,1.39,52,2134000,3035304,green,False,False
AMC,2023-12-22,6.1,5.93,1,15846500,23138032,green,False,False
SNDL,2023-12-22,1.54,1.39,52,7086500,3035304,green,False,False
AMC,2023-12-26,6.11,5.93,2,13107000,23138032,green,False,False
AMC,2023-12-27,6.16,5.93,3,11129300,23138032,green,False,False
SNDL,2024-01-03,1.59,1.39,56,3943300,3035304,green,False,False
BB,2024-01-05,3.26,3.28,5,3961500,12741056,green,False,False
BB,2024-01-08,3.23,3.28,6,7478500,12741056,red,False,False
BB,2024-01-09,3.31,3.28,7,4759100,12741056,green,False,False
BB,2024-01-11,3.39,3.28,9,5150700,12741056,red,False,False
BB,2024-01-16,3.4,3.28,10,5313400,12741056,green,False,False
BB,2024-01-17,3.34,3.28,11,3264000,12741056,green,False,False
BLNK,2024-01-17,2.3,2.22,4,4634600,4304875,green,False,False
AMC,2024-01-18,4.43,4.01,2,17690000,23138032,green,False,False
BB,2024-01-18,3.39,3.28,12,3564400,12741056,green,False,False
BLNK,2024-01-18,2.24,2.22,5,9188500,4304875,red,False,False
PACB,2024-01-18,6.36,6.01,4,7711700,8104890,green,False,False
SPWR,2024-01-18,1.2,1.05,26,4600,1227850,green,False,False
BB,2024-01-19,3.43,3.28,13,7641200,12741056,green,False,False
BLNK,2024-01-19,2.5,2.22,6,7811800,4304875,green,False,False
SPWR,2024-01-19,1.15,1.05,27,21500,1227850,red,False,False
SPWR,2024-01-22,1.16,1.05,28,24300,1227850,green,False,False
BLNK,2024-02-05,2.26,2.22,7,5835800,4304875,red,False,False
BB,2024-02-06,2.76,2.59,1,10561100,12741056,green,False,False
BLNK,2024-02-06,2.45,2.22,8,5222200,4304875,green,False,False
PACB,2024-02-07,6.32,6.01,5,8180600,8104890,red,False,False
PACB,2024-02-08,6.55,6.01,6,5768500,8104890,green,False,False
BB,2024-02-12,2.81,2.7,6,5864500,12741056,red,False,False
SNDL,2024-02-12,1.38,1.39,76,1985400,3035304,green,False,False
BB,2024-02-13,2.71,2.59,2,6661300,12741056,red,False,False
PACB,2024-02-13,6.08,6.01,7,7517200,8104890,red,False,False
SNDL,2024-02-13,1.33,1.39,77,3510000,3035304,red,False,False
BB,2024-02-14,2.78,2.7,8,8598500,12741056,green,False,False
SNDL,2024-02-14,1.38,1.39,78,4827700,3035304,green,False,False
SPWR,2024-02-14,1.09,1.05,29,127500,1227850,red,False,False
SNDL,2024-02-15,1.43,1.39,79,4209400,3035304,green,False,False
SPWR,2024-02-15,1.18,1.05,30,12800,1227850,green,False,False
SPWR,2024-02-16,1.18,1.05,31,6100,1227850,green,False,False
BB,2024-02-22,2.65,2.59,4,6562700,12741056,red,False,False
PACB,2024-02-22,5.13,5.0,2,7739500,8104890,green,False,False
BB,2024-02-23,2.57,2.59,5,6642700,12741056,red,False,False
PACB,2024-02-23,5.11,5.0,3,5079100,8104890,red,False,False
BB,2024-02-26,2.61,2.59,6,4415300,12741056,green,False,False
PACB,2024-02-26,5.23,5.0,4,5929100,8104890,green,False,True
BB,2024-02-27,2.71,2.59,7,6706500,12741056,green,False,False
BB,2024-02-28,2.69,2.59,8,4106500,12741056,green,False,False
BB,2024-03-04,2.68,2.59,9,4887000,12741056,red,False,False
BB,2024-03-05,2.62,2.59,10,3850100,12741056,red,False,False
BB,2024-03-06,2.67,2.59,11,4748000,12741056,green,False,False
BB,2024-03-07,2.73,2.59,12,3897000,12741056,green,False,False
SNDL,2024-03-13,1.34,1.35,78,1728400,3035304,red,False,False
SNDL,2024-03-14,1.31,1.35,78,2357800,3035304,red,False,False
SNDL,2024-03-15,1.4,1.35,79,4903300,3035304,green,False,False
BB,2024-03-18,2.65,2.59,13,8566100,12741056,red,False,False
SNDL,2024-03-18,1.49,1.35,79,9028600,3035304,green,False,False
SNDL,2024-03-19,1.49,1.35,79,3879700,3035304,green,False,False
SPWR,2024-03-19,0.5,0.4,1,67100,1227850,green,False,False
BB,2024-03-20,2.62,2.55,5,16241500,12741056,green,False,False
SPWR,2024-03-20,0.53,0.4,2,42200,1227850,green,False,False
SNDL,2024-03-22,1.75,1.39,83,18553800,3035304,green,False,True
SPWR,2024-03-22,0.63,0.4,4,47000,1227850,red,False,False
QS,2024-04-16,5.45,5.32,1,7522500,17174290,green,False,False
SPWR,2024-04-16,0.26,0.2,1,355800,1227850,green,True,False
SPWR,2024-04-17,0.25,0.2,2,840300,1227850,red,False,False
PACB,2024-04-18,1.46,1.25,2,18742400,8104890,green,False,False
QS,2024-04-18,5.45,5.53,8,6599600,17174290,red,False,False
RIVN,2024-04-18,8.83,8.26,2,30808400,37611803,green,False,True
SPWR,2024-04-18,0.26,0.2,3,286800,1227850,green,False,False
QS,2024-04-19,5.36,5.32,3,6217900,17174290,red,False,False
QS,2024-04-22,5.39,5.32,4,7478600,17174290,green,False,False
RIVN,2024-04-22,8.79,8.26,3,35054900,37611803,green,False,True
PACB,2024-04-24,1.36,1.25,3,11064900,8104890,red,False,False
QS,2024-04-24,5.48,5.32,6,6496200,17174290,red,False,False
BLNK,2024-04-25,2.31,2.18,7,2631700,4304875,green,False,False
PACB,2024-04-25,1.38,1.25,4,9989500,8104890,green,False,False
RIVN,2024-04-25,8.52,8.26,4,21892100,37611803,red,False,False
RUN,2024-04-25,9.71,9.34,3,9338300,12144675,red,False,False
PACB,2024-04-26,1.47,1.25,5,7986900,8104890,green,False,False
RIVN,2024-04-26,9.04,8.26,5,28226100,37611803,green,False,False
EDIT,2024-04-29,5.37,5.28,4,1266100,2208021,red,False,False
EDIT,2024-04-30,5.21,5.28,5,1467400,2208021,red,False,False
PLUG,2024-04-30,2.31,2.26,2,30011600,65434325,red,False,False
EDIT,2024-05-01,5.47,5.28,6,2617600,2208021,green,False,False
PLUG,2024-05-01,2.3,2.26,3,43081500,65434325,red,False,False
PLUG,2024-05-02,2.45,2.26,4,35923800,65434325,green,False,False
EDIT,2024-05-29,5.1,5.11,7,1874700,2208021,red,False,False
EDIT,2024-05-30,5.17,5.11,8,1745100,2208021,green,False,False
EDIT,2024-05-31,5.2,5.11,9,2430000,2208021,green,False,False
EDIT,2024-06-10,5.32,5.11,10,1976400,2208021,green,False,False
EDIT,2024-06-11,5.43,5.11,11,1507300,2208021,green,False,False
QS,2024-06-24,4.95,4.92,5,4212600,17174290,green,False,False
BB,2024-06-25,2.24,2.23,5,6294000,12741056,red,False,False
FSLY,2024-06-25,7.0,6.77,3,1756700,4573152,red,False,False
QS,2024-06-25,4.83,4.92,6,3968500,17174290,red,False,False
BB,2024-06-26,2.21,2.23,6,12676800,12741056,red,False,False
FSLY,2024-06-26,7.04,6.77,4,1934200,4573152,green,False,False
QS,2024-06-26,4.89,4.92,7,5242500,17174290,green,False,False
BB,2024-06-27,2.45,2.23,7,34439600,12741056,green,False,False
PACB,2024-07-01,1.2,1.25,11,10479100,8104890,red,False,False
PLUG,2024-07-01,2.28,2.25,5,30377100,65434325,red,False,False
QS,2024-07-01,4.87,4.76,7,4146500,17174290,red,False,False
PACB,2024-07-02,1.28,1.25,12,7333100,8104890,green,False,False
PLUG,2024-07-02,2.27,2.25,6,29355800,65434325,red,False,False
QS,2024-07-02,4.83,4.76,8,4989800,17174290,red,False,False
EDIT,2024-07-03,4.66,4.45,2,988000,2208021,green,False,False
FSLY,2024-07-03,7.4,7.02,11,1299700,4573152,green,False,False
MRVI,2024-07-03,6.99,6.73,7,1739800,2199001,green,False,True
PLUG,2024-07-03,2.47,2.25,7,41364700,65434325,green,False,False
QS,2024-07-03,5.06,4.76,9,4010900,17174290,green,False,False
EDIT,2024-07-05,4.59,4.45,3,1289700,2208021,red,False,False
MRVI,2024-07-05,6.99,6.96,12,783000,2199001,red,False,False
QS,2024-07-05,5.05,4.76,10,4542600,17174290,green,True,False
MRVI,2024-07-08,7.35,6.96,13,1946000,2199001,green,False,False
PACB,2024-07-09,1.31,1.25,16,5456600,8104890,red,False,False
PACB,2024-07-10,1.3,1.25,17,4866900,8104890,red,False,False
SPCE,2024-07-10,7.06,7.0,1,2683900,4954802,red,False,False
PACB,2024-07-11,1.5,1.25,18,15809500,8104890,green,False,False
SPCE,2024-07-11,7.72,7.0,2,4707300,4954802,green,False,False
SPCE,2024-07-25,6.72,6.22,1,1374900,4954802,green,False,False
PLUG,2024-07-30,2.4,2.25,9,50536500,65434325,green,False,False
SNDL,2024-08-05,2.08,1.75,20,3624500,3035304,green,False,False
SNAP,2024-08-06,8.64,8.3,1,47097400,38990809,red,False,False
SNAP,2024-08-07,8.29,8.3,2,37159100,38990809,red,False,False
SPCE,2024-08-07,5.27,5.3,1,1871800,4954802,red,False,False
SNAP,2024-08-08,8.94,8.3,3,30984600,38990809,green,False,False
FSLY,2024-08-09,5.67,5.52,1,5000100,4573152,red,False,False
EDIT,2024-08-13,3.99,3.82,2,1041900,2208021,green,False,False
PLUG,2024-08-13,2.14,1.95,6,43069800,65434325,green,False,False
EDIT,2024-08-14,3.74,3.82,3,1717900,2208021,red,False,False
PLUG,2024-08-14,2.02,1.95,7,35029800,65434325,red,False,False
EDIT,2024-08-15,4.0,3.82,4,1894700,2208021,green,False,False
PLUG,2024-08-15,2.12,1.95,8,35892400,65434325,green,False,False
EDIT,2024-08-16,4.0,3.82,5,1012200,2208021,green,False,False
PLUG,2024-08-16,2.21,1.95,9,29196500,65434325,green,False,False
EDIT,2024-08-22,3.79,3.82,7,1492500,2208021,red,False,False
EDIT,2024-08-23,3.87,3.82,8,1700200,2208021,green,False,False
SNDL,2024-08-27,1.96,1.8,20,2736100,3035304,red,False,False
SNDL,2024-08-28,1.92,1.94,50,1508200,3035304,red,False,False
SNDL,2024-08-29,1.95,1.94,50,1809200,3035304,green,False,False
PACB,2024-09-03,1.34,1.3,25,7299300,8104890,red,False,False
TME,2024-09-03,9.95,10.08,7,6452000,7894443,green,False,False
BBBY,2024-09-04,9.86,9.45,6,1538600,2424395,green,False,True
PACB,2024-09-04,1.32,1.3,25,5655300,8104890,red,False,False
BBBY,2024-09-05,9.76,9.45,7,992200,2424395,red,False,False
PACB,2024-09-05,1.4,1.3,25,6769800,8104890,green,False,False
PLUG,2024-09-05,1.71,1.71,3,23923100,65434325,red,False,False
BBBY,2024-09-06,9.85,9.45,8,1050900,2424395,green,False,False
BLNK,2024-09-06,1.57,1.65,3,3696800,4304875,red,False,False
EDIT,2024-09-06,3.59,3.4,3,1969900,2208021,green,False,False
FSLY,2024-09-06,5.65,5.52,3,2187000,4573152,red,False,False
PACB,2024-09-06,1.58,1.3,26,19904700,8104890,green,False,False
PLUG,2024-09-06,1.61,1.71,4,29529200,65434325,red,False,False
SNAP,2024-09-06,8.62,8.3,4,24928800,38990809,red,False,False
BLNK,2024-09-09,1.57,1.65,4,3115100,4304875,green,False,False
EDIT,2024-09-09,3.51,3.4,4,1941700,2208021,red,False,False
FSLY,2024-09-09,5.63,5.52,4,2416200,4573152,red,False,False
PLUG,2024-09-09,1.71,1.71,5,30951800,65434325,green,False,False
SNAP,2024-09-09,8.53,8.3,5,26137700,38990809,red,False,False
BLNK,2024-09-10,1.66,1.65,5,3044500,4304875,green,False,False
EDIT,2024-09-10,3.77,3.4,5,1841900,2208021,green,False,False
FSLY,2024-09-10,5.79,5.52,5,2165300,4573152,green,False,False
PLUG,2024-09-10,1.88,1.71,6,37955900,65434325,green,False,False
SNAP,2024-09-10,8.64,8.3,6,22445500,38990809,green,True,False
FSLY,2024-09-11,5.92,5.52,6,2047200,4573152,green,False,False
PLUG,2024-09-11,1.94,1.71,7,42445800,65434325,green,False,False
TME,2024-09-19,9.55,9.18,7,11459600,7894443,green,False,False
TME,2024-09-20,9.48,9.18,8,11695900,7894443,red,False,False
TME,2024-09-23,9.79,9.18,9,8249300,7894443,green,False,False
SNDL,2024-09-25,2.01,1.85,33,1114000,3035304,red,False,False
BLNK,2024-09-30,1.72,1.65,18,3328700,4304875,red,False,False
BBBY,2024-10-01,9.19,9.45,11,2281500,2424395,red,False,False
BLNK,2024-10-01,1.67,1.65,19,4281200,4304875,red,False,False
SNDL,2024-10-01,1.99,1.85,34,1765900,3035304,red,False,False
BBBY,2024-10-02,9.25,9.05,5,1509000,2424395,green,False,False
BLNK,2024-10-02,1.68,1.65,20,2808100,4304875,green,False,False
SNDL,2024-10-02,1.98,1.85,35,1655100,3035304,red,False,False
BBBY,2024-10-03,9.19,9.05,6,1054200,2424395,green,False,False
BLNK,2024-10-03,1.78,1.65,21,4428600,4304875,green,False,False
SNDL,2024-10-03,1.97,1.85,36,2349400,3035304,green,False,False
AMC,2024-10-08,4.17,4.12,2,7297500,23138032,red,False,False
AMC,2024-10-09,4.07,4.12,2,7474500,23138032,red,False,False
EDIT,2024-10-09,3.12,3.15,5,2627200,2208021,red,False,False
SNDL,2024-10-09,1.95,1.85,40,1074700,3035304,green,False,False
PACB,2024-10-10,1.55,1.3,27,9146100,8104890,red,False,False
SNDL,2024-10-10,1.92,1.85,41,1225600,3035304,red,False,False
AMC,2024-10-11,4.17,4.12,4,7126500,23138032,green,False,False
EDIT,2024-10-11,3.19,2.91,1,2265800,2208021,green,False,True
SNDL,2024-10-11,1.99,1.85,42,1639300,3035304,green,False,False
AMC,2024-10-14,4.12,4.12,5,5554900,23138032,red,False,False
AMC,2024-10-15,4.15,4.12,6,5138400,23138032,green,False,False
SNDL,2024-10-15,1.97,1.85,44,851300,3035304,red,False,False
AMC,2024-10-16,4.23,4.12,7,5835300,23138032,green,False,False
SNDL,2024-10-16,2.0,1.85,45,774200,3035304,green,False,False
AMC,2024-10-17,4.22,4.12,8,4504100,23138032,green,False,False
SNDL,2024-10-17,2.01,1.85,46,1227100,3035304,green,True,False
SNDL,2024-10-18,2.02,1.85,47,967400,3035304,green,False,False
SNDL,2024-10-21,2.01,1.85,48,1107300,3035304,green,False,False
SNDL,2024-10-22,2.15,1.85,48,4523600,3035304,green,False,False
AMC,2024-10-24,4.36,4.12,13,5966000,23138032,green,False,True
BBBY,2024-11-06,6.34,6.06,2,3625400,2424395,red,False,False
AMC,2024-11-07,4.3,4.12,14,16198200,23138032,red,False,False
BBBY,2024-11-07,6.22,6.06,3,2097100,2424395,red,False,False
AMC,2024-11-08,4.27,4.12,15,12998600,23138032,red,False,False
BBBY,2024-11-08,6.41,6.06,4,2238300,2424395,green,False,True
BLNK,2024-11-08,1.67,1.65,23,14803300,4304875,green,False,False
SNDL,2024-11-08,1.98,1.84,33,3232900,3035304,red,False,False
BBBY,2024-11-11,6.5,6.06,5,4052400,2424395,green,False,False
SNDL,2024-11-11,1.99,1.84,33,2869200,3035304,green,False,False
PLUG,2024-11-12,1.91,1.71,8,72014400,65434325,red,False,False
BBBY,2024-11-15,6.09,6.06,9,1866200,2424395,red,False,False
BLNK,2024-11-15,1.52,1.65,28,8442800,4304875,red,False,False
QS,2024-11-15,4.74,4.84,8,8826900,17174290,red,False,False
SNDL,2024-11-15,1.95,1.84,34,1539100,3035304,red,False,False
BBBY,2024-11-18,6.08,6.06,10,1750900,2424395,green,False,False
SNDL,2024-11-18,1.94,1.84,35,1361800,3035304,red,False,False
MRVI,2024-11-19,4.63,4.28,2,1717800,2199001,green,False,False
PACB,2024-11-19,1.72,1.36,21,11793300,8104890,green,False,True
QS,2024-11-19,4.95,4.65,2,9988700,17174290,green,False,False
RUN,2024-11-19,9.71,9.7,5,7548500,12144675,red,False,False
SNDL,2024-11-20,1.96,1.84,37,766600,3035304,green,False,False
BLNK,2024-11-26,1.55,1.53,21,3892800,4304875,red,False,False
BLNK,2024-11-27,1.56,1.53,22,3504300,4304875,green,False,False
BLNK,2024-11-29,1.59,1.53,23,2377200,4304875,green,False,False
EDIT,2024-12-06,2.14,1.89,3,2789200,2208021,green,False,False
BLNK,2024-12-12,1.59,1.53,32,4305500,4304875,red,False,False
QS,2024-12-12,4.93,4.84,17,6956900,17174290,red,False,False
BLNK,2024-12-13,1.55,1.53,33,3889700,4304875,red,False,False
QS,2024-12-13,4.89,4.84,18,8436800,17174290,red,False,False
QS,2024-12-16,4.97,4.84,19,9528500,17174290,green,False,True
BBBY,2024-12-17,4.98,4.94,1,2091000,2424395,red,False,False
BBBY,2024-12-18,5.12,4.94,2,4189700,2424395,green,False,True
RUN,2024-12-18,9.15,9.23,1,11561500,12144675,red,False,False
SNDL,2024-12-18,1.7,1.65,3,2122300,3035304,red,False,False
BMEA,2024-12-19,4.08,3.81,1,1864100,1186666,green,False,False
QS,2024-12-19,4.73,4.84,21,26168800,17174290,red,False,False
RUN,2024-12-19,9.13,9.23,2,12947400,12144675,red,False,False
SNDL,2024-12-19,1.73,1.65,4,1902200,3035304,green,False,False
SPWR,2024-12-19,1.54,1.51,8,370200,1227850,red,False,False
BLNK,2024-12-20,1.49,1.53,38,8031900,4304875,green,False,False
QS,2024-12-20,5.02,4.65,5,23601100,17174290,green,False,False
RUN,2024-12-20,9.87,9.23,3,13773700,12144675,green,False,False
SNDL,2024-12-20,1.8,1.65,5,2490300,3035304,green,False,False
SPCE,2024-12-20,6.1,6.02,22,2884900,4954802,green,False,False
SPWR,2024-12-20,1.54,1.66,32,1083600,1227850,red,False,False
BLNK,2024-12-23,1.49,1.53,39,2549800,4304875,red,False,False
SPCE,2024-12-23,6.12,6.02,23,1077400,4954802,red,False,False
SPWR,2024-12-23,1.7,1.51,8,524700,1227850,green,False,False
BLNK,2024-12-24,1.52,1.53,40,1859200,4304875,green,False,False
SPCE,2024-12-24,6.21,6.02,24,596000,4954802,green,True,False
AMC,2024-12-27,4.0,3.93,8,10586700,23138032,red,False,False
EDIT,2024-12-27,1.21,1.28,8,2803000,2208021,red,False,False
SNDL,2024-12-27,1.79,1.65,7,2285900,3035304,red,False,False
BLNK,2024-12-30,1.46,1.53,43,4445000,4304875,red,False,False
EDIT,2024-12-30,1.2,1.28,9,2978000,2208021,red,False,False
RUN,2024-12-30,9.5,9.23,4,6886500,12144675,red,False,False
SNDL,2024-12-30,1.74,1.65,8,2910700,3035304,red,False,False
SPCE,2024-12-30,5.98,5.74,10,2371700,4954802,red,False,False
SPWR,2024-12-30,1.74,1.51,7,343500,1227850,red,False,False
AMC,2024-12-31,3.98,3.87,4,10055900,23138032,green,False,False
BLNK,2024-12-31,1.39,1.53,44,7382400,4304875,red,False,False
EDIT,2024-12-31,1.27,1.28,10,3218200,2208021,green,False,False
RUN,2024-12-31,9.25,9.23,5,7937700,12144675,red,False,False
SNDL,2024-12-31,1.79,1.65,9,2143500,3035304,green,False,False
SPCE,2024-12-31,5.88,5.74,11,1671800,4954802,red,False,False
BLNK,2025-01-02,1.5,1.53,45,5164100,4304875,green,False,False
EDIT,2025-01-02,1.31,1.28,11,2873000,2208021,green,False,False
SNDL,2025-01-02,1.9,1.65,10,3893900,3035304,green,False,False
SPCE,2025-01-02,6.06,6.02,26,1361500,4954802,green,False,False
BLNK,2025-01-03,1.6,1.53,46,4992600,4304875,green,False,False
EDIT,2025-01-03,1.34,1.28,12,2456100,2208021,green,True,False
EDIT,2025-01-13,1.16,1.28,16,3163200,2208021,red,False,False
EDIT,2025-01-14,1.14,1.16,12,1969000,2208021,red,False,False
EDIT,2025-01-15,1.22,1.16,13,2505700,2208021,green,False,False
MRVI,2025-01-16,4.57,4.28,3,1830000,2199001,green,True,False
PACB,2025-01-16,1.6,1.56,26,15973000,8104890,red,False,False
EDIT,2025-01-17,1.22,1.16,15,1241700,2208021,red,False,False
PACB,2025-01-17,1.64,1.56,26,6643100,8104890,red,False,False
BMEA,2025-01-21,4.25,3.81,10,1210400,1186666,green,False,False
EDIT,2025-01-21,1.21,1.16,16,2168300,2208021,red,False,False
PACB,2025-01-21,1.7,1.56,26,8344400,8104890,green,False,False
EDIT,2025-01-22,1.34,1.16,17,4665000,2208021,green,False,True
SNDL,2025-01-22,1.74,1.65,17,1861500,3035304,red,False,False
EDIT,2025-01-23,1.41,1.16,18,3182700,2208021,green,True,False
AMC,2025-01-30,3.14,3.21,5,9927800,23138032,red,False,False
PLUG,2025-01-30,1.92,1.88,36,53219800,65434325,green,False,False
EDIT,2025-01-31,1.31,1.16,19,1275400,2208021,red,False,False
PLUG,2025-01-31,1.86,1.88,36,68774900,65434325,red,False,False
SNDL,2025-01-31,1.74,1.65,24,1705300,3035304,red,False,False
BMEA,2025-02-03,3.93,3.81,11,513500,1186666,red,False,False
EDIT,2025-02-03,1.27,1.16,20,1419900,2208021,green,False,False
PLUG,2025-02-03,1.86,1.88,36,50868500,65434325,green,False,False
SNDL,2025-02-03,1.66,1.65,25,2762900,3035304,green,False,False
SPCE,2025-02-03,4.56,4.39,1,1098500,4954802,green,False,False
BMEA,2025-02-04,3.98,3.81,12,436900,1186666,green,False,False
EDIT,2025-02-04,1.29,1.16,21,1362000,2208021,green,False,False
SNDL,2025-02-04,1.75,1.65,26,2787200,3035304,green,False,False
SNDL,2025-02-05,1.86,1.65,27,6074600,3035304,green,False,False
AMC,2025-02-07,3.1,2.95,1,6157900,23138032,red,False,False
BLNK,2025-02-10,1.07,1.15,12,4905900,4304875,red,False,False
EDIT,2025-02-10,1.2,1.16,25,1503200,2208021,red,False,False
PACB,2025-02-10,1.33,1.42,14,21830800,8104890,red,False,False
PLUG,2025-02-10,1.72,1.79,21,70311100,65434325,red,False,False
QS,2025-02-10,5.01,4.84,31,9485400,17174290,green,False,False
RUN,2025-02-10,8.36,8.22,4,7756700,12144675,red,False,False
BLNK,2025-02-11,1.06,1.15,13,4515400,4304875,red,False,False
CSIQ,2025-02-11,9.69,9.56,2,1086900,2120106,red,False,False
EDIT,2025-02-11,1.18,1.16,26,1881000,2208021,red,False,False
PACB,2025-02-11,1.33,1.42,14,11744300,8104890,red,False,False
PLUG,2025-02-11,1.62,1.76,21,52515100,65434325,red,False,False
QS,2025-02-11,4.76,4.84,32,14913200,17174290,red,False,False
SNDL,2025-02-11,1.81,1.65,28,1723500,3035304,red,False,False
BLNK,2025-02-12,1.07,1.03,9,4822000,4304875,green,False,False
BMEA,2025-02-12,3.48,3.25,1,574900,1186666,green,False,False
CSIQ,2025-02-12,9.92,9.56,3,1111600,2120106,green,False,True
EDIT,2025-02-12,1.19,1.16,27,1402600,2208021,green,False,False
PACB,2025-02-12,1.36,1.42,15,11568800,8104890,green,False,False
QS,2025-02-12,4.83,4.65,7,21253200,17174290,green,False,False
SNDL,2025-02-12,1.82,1.65,29,1892400,3035304,green,False,False
EDIT,2025-02-13,1.23,1.16,28,1131100,2208021,green,False,False
PACB,2025-02-13,1.48,1.42,16,20931500,8104890,green,False,False
SPCE,2025-02-13,4.27,4.0,2,1031700,4954802,green,False,False
EDIT,2025-02-14,1.38,1.16,29,8949400,2208021,green,False,False
PACB,2025-02-14,1.85,1.42,17,46043700,8104890,green,False,False
BLNK,2025-02-24,0.98,1.03,16,3434000,4304875,red,False,False
BLNK,2025-02-25,0.97,1.03,17,5887400,4304875,green,False,False
BLNK,2025-02-26,0.99,1.03,18,4169400,4304875,green,False,False
BLNK,2025-02-27,1.01,1.03,19,5028100,4304875,green,False,False
BMEA,2025-02-28,2.89,2.78,3,441300,1186666,green,False,False
PLUG,2025-02-28,1.61,1.57,12,56498500,65434325,green,False,False
SNDL,2025-02-28,1.61,1.65,38,1420700,3035304,red,False,False
BLNK,2025-03-03,0.91,1.03,21,7103100,4304875,red,False,False
PLUG,2025-03-03,1.5,1.57,13,84399600,65434325,red,False,False
SNDL,2025-03-03,1.56,1.65,39,3202300,3035304,red,False,False
BLNK,2025-03-04,0.96,0.92,11,4079400,4304875,green,False,False
FSLY,2025-03-04,6.6,6.25,3,5482800,4573152,green,False,False
PLUG,2025-03-04,1.62,1.52,10,96509600,65434325,green,False,True
SNDL,2025-03-04,1.57,1.65,40,2755000,3035304,green,False,False
AMC,2025-03-05,3.05,2.95,4,6383800,23138032,red,False,False
BLNK,2025-03-05,0.98,0.92,12,1772800,4304875,green,False,False
PACB,2025-03-05,1.34,1.39,18,8779300,8104890,red,False,False
PLUG,2025-03-05,1.69,1.52,11,66825300,65434325,green,False,False
AMC,2025-03-06,3.01,2.95,5,6771800,23138032,green,False,False
FSLY,2025-03-06,6.5,6.25,4,3407100,4573152,red,False,False
PACB,2025-03-06,1.3,1.39,19,9228700,8104890,red,False,False
PLUG,2025-03-06,1.65,1.52,12,53890600,65434325,green,False,False
FSLY,2025-03-07,6.64,6.25,5,3679900,4573152,green,False,False
PACB,2025-03-07,1.33,1.39,20,12492900,8104890,green,False,False
SPWR,2025-03-07,1.38,1.25,4,421500,1227850,green,False,False
SNDL,2025-03-10,1.51,1.61,33,2360500,3035304,red,False,False
SPWR,2025-03-10,1.32,1.25,5,357300,1227850,red,False,False
SNDL,2025-03-11,1.51,1.61,34,1480100,3035304,green,False,False
SPCE,2025-03-11,3.02,2.93,1,1951500,4954802,green,False,False
SPWR,2025-03-11,1.49,1.25,6,367800,1227850,green,False,True
AMC,2025-03-12,2.94,2.95,9,5693000,23138032,red,False,False
BLNK,2025-03-12,0.98,0.92,17,12299200,4304875,red,False,False
MRVI,2025-03-12,2.61,2.63,3,2408800,2199001,red,False,False
PLUG,2025-03-12,1.66,1.52,16,75066500,65434325,red,False,False
SNDL,2025-03-12,1.54,1.61,35,1174800,3035304,green,False,False
SPCE,2025-03-12,3.22,2.93,2,3511800,4954802,green,False,False
BLNK,2025-03-13,0.9,0.92,18,7593200,4304875,red,False,False
PLUG,2025-03-13,1.65,1.52,17,52657500,65434325,red,False,False
QS,2025-03-13,4.15,4.05,2,8147600,17174290,red,False,False
SNDL,2025-03-13,1.48,1.61,36,979200,3035304,red,False,False
AMC,2025-03-14,2.9,2.82,1,7900100,23138032,green,False,False
BLNK,2025-03-14,0.95,0.92,19,3724500,4304875,green,False,False
PLUG,2025-03-14,1.66,1.52,18,48726200,65434325,green,False,False
SNAP,2025-03-14,8.64,8.34,1,26363200,38990809,green,False,False
SNDL,2025-03-14,1.51,1.61,37,1079500,3035304,green,False,False
AMC,2025-03-17,3.01,2.95,10,7618500,23138032,green,False,False
PACB,2025-03-17,1.24,1.32,21,7450600,8104890,green,False,False
SNDL,2025-03-17,1.55,1.61,38,1853700,3035304,green,False,False
AMC,2025-03-18,3.02,2.95,11,6063200,23138032,green,False,False
BMEA,2025-03-18,2.53,2.35,2,455100,1186666,green,False,False
PACB,2025-03-18,1.22,1.32,22,6138400,8104890,red,False,False
AMC,2025-03-19,3.04,2.95,12,6544500,23138032,green,False,False
PACB,2025-03-19,1.25,1.32,23,8860400,8104890,green,False,False
PLUG,2025-03-19,1.58,1.52,21,98509800,65434325,green,False,False
SNDL,2025-03-19,1.57,1.61,40,1923100,3035304,red,False,False
AMC,2025-03-20,2.99,2.95,13,6661700,23138032,red,False,False
PACB,2025-03-20,1.26,1.32,24,4759800,8104890,green,False,False
SNDL,2025-03-20,1.57,1.61,41,1125500,3035304,green,False,False
AMC,2025-03-21,3.04,2.95,14,15405900,23138032,green,False,True
EDIT,2025-03-21,1.31,1.16,32,2906200,2208021,green,False,False
BLNK,2025-03-27,0.94,0.92,28,1677200,4304875,red,False,False
RUN,2025-03-27,6.01,5.93,3,10659900,12144675,red,False,False
BLNK,2025-03-28,0.94,0.92,29,1327400,4304875,red,False,False
FSLY,2025-03-28,6.51,6.25,7,2427700,4573152,red,False,False
RUN,2025-03-28,5.94,5.93,4,9959800,12144675,red,False,False
BLNK,2025-03-31,0.92,0.92,30,2302800,4304875,green,False,False
FSLY,2025-03-31,6.33,6.31,9,2495400,4573152,green,False,False
PACB,2025-03-31,1.18,1.18,23,8799900,8104890,green,False,False
SNAP,2025-03-31,8.71,8.34,2,23438400,38990809,green,False,False
BLNK,2025-04-01,0.94,0.92,31,1718800,4304875,green,False,False
FSLY,2025-04-01,6.42,6.31,9,1496500,4573152,green,False,False
PACB,2025-04-01,1.13,1.18,24,5800000,8104890,red,False,False
QS,2025-04-01,4.08,4.05,4,9701400,17174290,red,False,False
PACB,2025-04-02,1.27,1.18,25,10316100,8104890,green,False,True
DNA,2025-04-03,5.7,5.35,2,1451400,1175140,green,False,False
PACB,2025-04-03,1.19,1.18,26,6012000,8104890,green,False,False
PLUG,2025-04-03,1.21,1.26,6,50021700,65434325,red,False,False
PACB,2025-04-04,1.23,1.18,27,12797000,8104890,green,False,False
DNA,2025-04-07,6.41,5.0,1,2209900,1175140,green,False,False
ARVN,2025-04-08,6.19,6.0,1,2514700,1193422,red,False,False
ARVN,2025-04-09,6.73,6.0,2,3923000,1193422,green,False,True
RUN,2025-04-09,6.43,5.55,2,20372100,12144675,green,False,False
SPWR,2025-04-11,1.43,1.25,13,338700,1227850,red,False,False
SNDL,2025-04-14,1.33,1.37,20,1519800,3035304,red,False,False
BLNK,2025-04-15,0.67,0.63,7,3332500,4304875,red,False,False
MRVI,2025-04-15,1.73,1.78,7,2112000,2199001,red,False,False
SNDL,2025-04-15,1.33,1.37,21,948600,3035304,green,False,False
BLNK,2025-04-16,0.68,0.63,8,2802700,4304875,green,False,False
BMEA,2025-04-16,1.59,1.53,4,585100,1186666,red,False,False
CSIQ,2025-04-16,7.18,6.86,3,2985500,2120106,green,False,False
MRVI,2025-04-16,1.72,1.78,8,1199200,2199001,red,False,False
SNDL,2025-04-16,1.35,1.37,22,1165900,3035304,green,False,False
BMEA,2025-04-17,1.69,1.53,5,868400,1186666,green,False,False
MRVI,2025-04-17,1.77,1.78,9,2242200,2199001,green,False,True
SNDL,2025-04-17,1.4,1.37,23,1050200,3035304,green,False,False
BMEA,2025-04-21,1.72,1.53,6,968500,1186666,green,False,False
MRVI,2025-04-21,1.77,1.78,10,2589900,2199001,green,False,False
SNDL,2025-04-21,1.36,1.37,24,1281200,3035304,red,False,False
BLNK,2025-04-22,0.7,0.63,11,1950500,4304875,green,False,False
CSIQ,2025-04-22,7.89,6.86,4,2779500,2120106,green,False,False
MRVI,2025-04-22,1.93,1.78,11,3156800,2199001,green,False,False
SNDL,2025-04-22,1.39,1.37,25,1024200,3035304,green,False,False
BLNK,2025-04-23,0.71,0.63,12,3073500,4304875,red,False,False
SNDL,2025-04-23,1.42,1.37,26,1028100,3035304,green,False,False
BLNK,2025-04-24,0.77,0.63,13,2070600,4304875,green,False,False
FCEL,2025-04-24,3.85,3.72,7,810400,2442365,green,False,False
FCEL,2025-04-25,3.82,3.72,8,735800,2442365,red,False,False
SNDL,2025-04-28,1.47,1.37,29,1094100,3035304,red,False,False
SNDL,2025-04-29,1.48,1.37,30,911400,3035304,green,False,False
BLNK,2025-05-02,0.75,0.63,19,1778100,4304875,green,False,False
AMC,2025-05-05,2.64,2.53,2,6193000,23138032,red,False,False
BLNK,2025-05-05,0.71,0.63,20,2472500,4304875,red,False,False
FCEL,2025-05-05,3.76,3.72,9,789200,2442365,red,False,False
PACB,2025-05-05,1.11,1.18,47,5261100,8104890,red,False,False
BLNK,2025-05-06,0.73,0.63,21,1207500,4304875,green,False,False
PACB,2025-05-06,1.1,1.18,48,6341900,8104890,red,False,False
PLUG,2025-05-06,0.79,0.76,11,101440100,65434325,red,False,False
BLNK,2025-05-07,0.76,0.63,22,1485300,4304875,green,False,False
FCEL,2025-05-07,3.85,3.72,10,627800,2442365,green,False,True
PACB,2025-05-07,1.13,1.18,49,6211300,8104890,green,True,False
PLUG,2025-05-07,0.78,0.76,12,101146400,65434325,red,False,False
PLUG,2025-05-08,0.85,0.76,13,114438400,65434325,green,False,False
ARVN,2025-05-13,6.29,6.0,3,3095200,1193422,red,False,False
SNDL,2025-05-13,1.32,1.37,40,1644900,3035304,red,False,False
ARVN,2025-05-14,6.07,6.0,4,2610100,1193422,red,False,False
BLNK,2025-05-14,0.74,0.63,25,4035200,4304875,red,False,False
BMEA,2025-05-14,1.46,1.53,13,1084200,1186666,red,False,False
SNDL,2025-05-14,1.28,1.37,41,1781500,3035304,red,False,False
ARVN,2025-05-15,6.26,6.0,5,2110200,1193422,green,False,False
BLNK,2025-05-15,0.71,0.63,26,5189800,4304875,red,False,False
BMEA,2025-05-15,1.43,1.53,14,514400,1186666,red,False,False
PLUG,2025-05-15,0.7,0.76,18,267013700,65434325,red,False,False
SNDL,2025-05-15,1.28,1.37,42,1658200,3035304,green,False,False
ARVN,2025-05-16,6.49,6.0,6,1940400,1193422,green,False,False
BMEA,2025-05-16,1.52,1.53,15,576500,1186666,green,False,False
PLUG,2025-05-16,0.77,0.76,19,272111900,65434325,green,False,False
BLNK,2025-05-19,0.73,0.63,28,1473100,4304875,green,False,False
BMEA,2025-05-19,1.51,1.53,16,464000,1186666,green,False,False
PLUG,2025-05-19,0.79,0.76,20,233107800,65434325,green,False,False
BLNK,2025-05-21,0.72,0.63,30,1519600,4304875,red,False,False
BMEA,2025-05-21,1.45,1.53,18,735200,1186666,red,False,False
BLNK,2025-05-22,0.7,0.63,31,1786900,4304875,red,False,False
BMEA,2025-05-22,1.45,1.38,7,751300,1186666,green,True,False
ARVN,2025-05-23,6.51,6.19,10,1245400,1193422,green,False,False
BLNK,2025-05-23,0.72,0.63,32,1621700,4304875,green,False,True
SPWR,2025-05-28,1.29,1.25,18,461700,1227850,red,False,False
BMEA,2025-05-29,1.49,1.38,11,698200,1186666,green,False,False
PACB,2025-05-29,1.04,0.95,19,10357800,8104890,red,False,False
SPWR,2025-05-29,1.26,1.25,19,1396000,1227850,red,False,False
BLNK,2025-05-30,0.7,0.63,36,1196900,4304875,red,False,False
BMEA,2025-05-30,1.44,1.38,12,543000,1186666,red,False,False
PACB,2025-05-30,0.96,0.95,20,11546200,8104890,red,False,False
PLUG,2025-05-30,0.88,0.76,28,147027600,65434325,red,False,False
SNDL,2025-05-30,1.27,1.37,52,1855300,3035304,red,False,False
SPWR,2025-05-30,1.39,1.25,20,1125800,1227850,green,False,False
BLNK,2025-06-02,0.71,0.63,37,2403000,4304875,red,False,False
BMEA,2025-06-02,1.55,1.38,13,592400,1186666,green,False,False
PACB,2025-06-02,0.99,0.95,21,5964300,8104890,green,False,False
PLUG,2025-06-02,0.82,0.76,29,134725100,65434325,red,False,False
SNDL,2025-06-02,1.27,1.37,53,1360400,3035304,red,False,False
SPWR,2025-06-02,1.52,1.25,21,853200,1227850,green,False,False
BLNK,2025-06-03,0.79,0.63,38,4174000,4304875,green,False,False
BMEA,2025-06-03,2.49,1.38,14,63292500,1186666,green,False,False
PLUG,2025-06-03,0.91,0.76,30,187528600,65434325,green,False,True
SNDL,2025-06-03,1.28,1.37,54,895700,3035304,green,False,True
BLNK,2025-06-04,0.84,0.63,39,2931700,4304875,green,False,False
PACB,2025-06-04,1.03,0.95,23,4852400,8104890,red,False,False
PLUG,2025-06-04,0.93,0.76,31,83844000,65434325,green,False,False
SNDL,2025-06-04,1.29,1.37,55,898200,3035304,green,False,False
PACB,2025-06-05,1.0,0.95,24,6233600,8104890,red,False,False
PLUG,2025-06-05,0.87,0.76,32,78479100,65434325,red,False,False
SNDL,2025-06-05,1.29,1.37,56,1065900,3035304,red,False,False
PACB,2025-06-06,1.14,0.95,25,12923800,8104890,green,False,False
PLUG,2025-06-06,0.97,0.76,33,190219000,65434325,green,False,False
SNDL,2025-06-06,1.32,1.37,57,1985800,3035304,green,False,True
SNDL,2025-06-09,1.33,1.37,58,736400,3035304,green,False,False
SNDL,2025-06-10,1.32,1.37,59,1311300,3035304,red,False,False
SNDL,2025-06-11,1.33,1.37,60,1590300,3035304,green,False,False
RUN,2025-06-17,5.78,5.55,3,119998600,12144675,red,False,False
RUN,2025-06-18,6.13,5.55,4,47017800,12144675,green,False,True
SNDL,2025-06-27,1.23,1.37,71,982600,3035304,red,False,False
SNDL,2025-06-30,1.21,1.26,57,1290900,3035304,red,False,False
SNDL,2025-07-01,1.22,1.26,58,3313300,3035304,green,False,False
SNDL,2025-07-02,1.25,1.26,59,1407900,3035304,green,False,False
SNDL,2025-07-03,1.27,1.26,60,1102800,3035304,green,False,False
SNDL,2025-07-07,1.24,1.26,61,1269700,3035304,red,False,False
SNDL,2025-07-08,1.38,1.26,62,4436600,3035304,green,False,True
SNDL,2025-07-09,1.42,1.26,63,2233100,3035304,green,False,False
NOK,2025-08-04,4.09,4.0,3,19000800,31782027,green,False,False
NOK,2025-08-05,4.09,4.0,4,15783200,31782027,green,False,False
ARVN,2025-08-06,6.43,6.19,11,5434700,1193422,red,False,False
ARVN,2025-08-07,6.24,6.0,7,3269000,1193422,red,False,False
ARVN,2025-08-08,6.29,6.0,8,2143200,1193422,green,True,False
BMEA,2025-08-08,1.54,1.38,17,1088500,1186666,red,False,False
NOK,2025-08-08,4.1,4.0,7,15554000,31782027,red,False,False
ARVN,2025-08-11,6.59,6.19,14,2220900,1193422,green,False,False
BMEA,2025-08-11,1.53,1.38,18,641400,1186666,red,False,False
NOK,2025-08-11,4.1,4.0,8,11063200,31782027,red,False,False
BMEA,2025-08-12,1.65,1.38,19,451100,1186666,green,False,False
NOK,2025-08-12,4.14,4.0,9,12397600,31782027,green,False,False
SNAP,2025-08-13,7.32,7.08,5,53643300,38990809,green,False,False
SNAP,2025-08-14,7.08,7.08,6,58598100,38990809,red,False,False
SNAP,2025-08-15,7.15,7.27,10,46882400,38990809,green,False,False
NOK,2025-08-19,4.21,4.16,18,21057400,31782027,red,False,False
FCEL,2025-08-20,3.93,3.7,9,2460600,2442365,red,False,False
NOK,2025-08-20,4.24,4.16,19,12740500,31782027,green,False,False
FCEL,2025-08-21,3.98,3.7,10,793600,2442365,green,False,False
NOK,2025-08-21,4.24,4.16,20,14912300,31782027,green,False,False
SNAP,2025-08-26,7.02,6.99,10,51012500,38990809,red,False,False
SNAP,2025-08-27,6.99,6.99,11,32303300,38990809,red,False,False
SNAP,2025-08-28,7.1,6.99,12,56691300,38990809,green,False,False
SNAP,2025-08-29,7.14,7.27,11,78002400,38990809,green,False,False
NOK,2025-09-02,4.23,4.16,26,16231500,31782027,red,False,False
AMC,2025-09-03,2.71,2.65,11,12918700,23138032,red,False,False
SPWR,2025-09-03,1.49,1.31,13,880700,1227850,green,False,False
AMC,2025-09-04,2.72,2.65,11,8847400,23138032,red,False,False
AMC,2025-09-05,2.75,2.65,11,10638100,23138032,green,False,False
SNAP,2025-09-09,7.28,7.12,20,91546500,38990809,green,False,False
SNAP,2025-09-10,7.05,7.12,21,87807000,38990809,red,False,False
SNAP,2025-09-11,7.29,7.12,22,107121100,38990809,green,False,False
SNAP,2025-09-12,7.34,7.12,23,87512600,38990809,green,False,False
SNAP,2025-09-15,7.46,7.12,24,141471300,38990809,green,False,False
AMC,2025-09-16,2.9,2.78,33,6333500,23138032,red,False,False
AMC,2025-09-17,2.82,2.79,34,11783800,23138032,red,False,False
AMC,2025-09-18,2.84,2.79,35,12047900,23138032,green,False,False
AMC,2025-09-24,2.92,2.79,34,12231300,23138032,red,False,False
AMC,2025-09-25,2.83,2.79,34,12968600,23138032,red,False,False
AMC,2025-09-26,2.89,2.79,34,12286000,23138032,green,False,False
AMC,2025-10-07,2.84,2.79,34,20116100,23138032,red,False,False
AMC,2025-10-08,2.84,2.79,35,16041600,23138032,red,False,False
AMC,2025-10-09,2.93,2.79,36,19120300,23138032,green,False,False
SPWR,2025-10-10,1.6,1.5,50,2144000,1227850,red,False,False
SPWR,2025-10-13,1.66,1.5,51,795600,1227850,green,False,False
SPWR,2025-10-14,1.68,1.5,52,771300,1227850,green,False,False
SNAP,2025-11-05,7.3,7.12,25,130490400,38990809,red,False,False
SPWR,2025-11-06,1.58,1.43,30,2094600,1227850,red,False,False
SPWR,2025-11-07,1.63,1.43,31,1904400,1227850,green,False,False
DNA,2025-11-17,7.78,7.65,1,1031700,1175140,red,False,False
DNA,2025-11-19,7.91,7.65,2,1034600,1175140,green,False,False
SNDL,2025-11-19,1.62,1.48,15,3728200,3035304,red,False,False
SPWR,2025-11-19,1.53,1.43,35,1690400,1227850,red,False,False
DNA,2025-11-20,7.82,7.65,3,1059400,1175140,red,False,False
SNDL,2025-11-20,1.59,1.53,22,1590700,3035304,red,False,False
SPWR,2025-11-20,1.49,1.43,36,1194700,1227850,red,False,False
AMC,2025-11-21,2.2,2.11,4,26151000,23138032,green,False,False
DNA,2025-11-21,8.17,7.65,4,1047200,1175140,green,False,False
SNDL,2025-11-21,1.61,1.53,22,3027100,3035304,green,False,False
SPWR,2025-11-21,1.61,1.43,37,1402500,1227850,green,False,False
AMC,2025-11-24,2.2,2.11,5,14655700,23138032,red,False,False
BBBY,2025-11-24,5.63,5.58,5,1750000,2424395,red,False,False
BMEA,2025-11-24,1.01,0.87,2,1100400,1186666,green,False,False
AMC,2025-11-25,2.26,2.11,6,13881400,23138032,green,False,True
BBBY,2025-11-25,5.68,5.58,6,1988900,2424395,red,False,False
BMEA,2025-11-25,1.03,0.87,3,1052600,1186666,green,False,False
BBBY,2025-11-26,5.84,5.58,7,1812300,2424395,green,False,True
BMEA,2025-11-26,1.07,0.87,4,1019000,1186666,green,False,False
BMEA,2025-12-01,1.01,0.87,5,867100,1186666,red,False,False
BBBY,2025-12-02,5.99,5.58,8,1650500,2424395,green,False,True
BMEA,2025-12-02,0.96,0.87,6,1667100,1186666,red,False,False
EDIT,2025-12-02,2.11,2.07,1,1940800,2208021,red,False,False
SPWR,2025-12-02,1.53,1.43,38,996600,1227850,red,False,False
BMEA,2025-12-03,1.05,0.87,7,1602000,1186666,green,False,False
EDIT,2025-12-03,2.37,2.07,2,1955500,2208021,green,False,False
SPWR,2025-12-03,1.58,1.43,39,811000,1227850,green,False,False
SPWR,2025-12-05,1.6,1.43,41,789800,1227850,red,False,False
SPWR,2025-12-08,1.57,1.43,41,692500,1227850,red,False,False
SNDL,2025-12-09,1.71,1.64,27,1843200,3035304,green,False,True
SNDL,2025-12-10,1.7,1.64,27,1475600,3035304,red,False,False
SNDL,2025-12-11,1.77,1.64,27,2872300,3035304,green,False,False
SNAP,2025-12-12,7.31,7.12,25,38344900,38990809,red,False,False
SNAP,2025-12-15,7.26,7.12,26,42391100,38990809,red,False,False
SPCE,2025-12-15,3.02,2.92,11,9561200,4954802,red,False,False
SPWR,2025-12-15,1.62,1.47,55,834000,1227850,red,False,False
SNAP,2025-12-16,7.37,7.12,27,49031500,38990809,green,False,True
SPCE,2025-12-16,3.1,2.92,12,5531100,4954802,green,False,False
SPWR,2025-12-16,1.68,1.58,74,1050900,1227850,green,False,True
SPCE,2025-12-17,3.21,3.05,14,7826000,4954802,green,False,False
SPWR,2025-12-17,1.7,1.58,74,1301400,1227850,green,False,False
BB,2025-12-19,3.77,3.64,14,42669500,12741056,red,False,False
SPWR,2025-12-23,1.69,1.58,74,1701900,1227850,green,False,False
BBBY,2025-12-24,5.6,5.58,11,611300,2424395,green,False,False
SPCE,2025-12-26,3.16,3.05,13,6661700,4954802,red,False,False
BLNK,2025-12-29,0.67,0.77,14,5016200,4304875,red,False,False
SNDL,2025-12-29,1.71,1.69,31,2457300,3035304,red,False,False
SPCE,2025-12-29,3.15,3.05,14,3794800,4954802,green,False,False
SPWR,2025-12-29,1.61,1.47,50,2320900,1227850,red,False,False
BLNK,2025-12-30,0.64,0.77,14,5954600,4304875,red,False,False
SNDL,2025-12-30,1.65,1.69,32,2615000,3035304,red,False,False
SPWR,2025-12-30,1.54,1.47,50,1684800,1227850,red,False,False
BB,2025-12-31,3.79,3.78,18,8297200,12741056,red,False,False
BLNK,2025-12-31,0.67,0.77,14,3649300,4304875,green,False,True
SNDL,2025-12-31,1.66,1.69,33,2681700,3035304,green,False,False
SPWR,2025-12-31,1.57,1.47,50,1945200,1227850,green,False,False
BB,2026-01-02,3.8,3.78,18,5526000,12741056,red,False,False
BB,2026-01-05,3.88,3.78,18,10332700,12741056,green,False,False
SPWR,2026-01-06,1.63,1.47,50,617700,1227850,red,False,False
AMC,2026-01-07,1.52,1.63,12,28041700,23138032,red,False,False
AMC,2026-01-08,1.45,1.5,10,29422400,23138032,red,False,False
AMC,2026-01-09,1.64,1.5,11,72240900,23138032,green,False,False
SPWR,2026-01-12,1.62,1.48,52,905200,1227850,red,False,False
SPWR,2026-01-13,1.57,1.48,52,1411100,1227850,red,False,False
AMC,2026-01-14,1.55,1.5,14,31172900,23138032,red,False,False
SPWR,2026-01-14,1.58,1.47,50,1720100,1227850,green,False,False
AMC,2026-01-15,1.6,1.5,15,36442900,23138032,green,False,False
EDIT,2026-01-15,2.09,2.02,10,1923500,2208021,red,False,False
SPWR,2026-01-15,1.69,1.47,50,1996700,1227850,green,False,False
AMC,2026-01-16,1.61,1.5,16,31136300,23138032,green,False,False
EDIT,2026-01-16,2.03,2.02,11,2201500,2208021,red,False,False
SNDL,2026-01-16,1.61,1.57,35,3422700,3035304,red,False,False
SPWR,2026-01-16,1.73,1.52,60,1187900,1227850,green,False,False
AMC,2026-01-20,1.57,1.5,17,37449300,23138032,red,False,False
SNDL,2026-01-20,1.58,1.57,36,2433500,3035304,green,False,False
SPWR,2026-01-20,1.7,1.52,60,2393000,1227850,green,False,False
AMC,2026-01-21,1.61,1.5,18,51348800,23138032,green,False,False
EDIT,2026-01-21,2.12,2.02,12,1992500,2208021,green,False,False
SNDL,2026-01-21,1.58,1.57,37,1276000,3035304,green,False,False
SPWR,2026-01-21,1.81,1.52,60,1418300,1227850,green,False,False
SNDL,2026-01-22,1.63,1.57,38,2075400,3035304,green,False,False
AMC,2026-01-29,1.37,1.5,24,48727300,23138032,red,False,False
AMC,2026-01-30,1.39,1.5,25,55477500,23138032,green,False,False
FSLY,2026-02-04,8.31,7.98,16,4186200,4573152,red,False,False
SPWR,2026-02-04,1.59,1.56,63,2001400,1227850,red,False,False
BB,2026-02-05,3.39,3.34,2,10432100,12741056,red,False,False
DNA,2026-02-05,8.32,7.65,5,4549900,1175140,green,False,False
FSLY,2026-02-05,7.96,7.98,17,3483800,4573152,red,False,False
PLUG,2026-02-05,1.86,1.7,2,115930400,65434325,red,False,False
SNDL,2026-02-05,1.45,1.57,48,3066000,3035304,red,False,False
SPWR,2026-02-05,1.53,1.56,63,1797500,1227850,red,False,False
BB,2026-02-06,3.46,3.34,3,6374500,12741056,green,False,False
FSLY,2026-02-06,8.57,7.98,18,3635300,4573152,green,False,False
SPCE,2026-02-06,2.53,2.34,1,3672800,4954802,green,False,False
SPWR,2026-02-06,1.63,1.56,63,2027600,1227850,green,False,False
BB,2026-02-09,3.47,3.34,4,5415400,12741056,green,False,False
SNDL,2026-02-12,1.5,1.57,53,1197500,3035304,red,False,False
SPWR,2026-02-12,1.52,1.56,66,2074400,1227850,red,False,False
BBBY,2026-02-13,4.99,4.8,1,1529000,2424395,red,False,False
PLUG,2026-02-13,1.89,1.7,4,84314100,65434325,green,False,False
SNAP,2026-02-13,4.83,4.72,1,44250600,38990809,green,False,False
SNDL,2026-02-13,1.5,1.57,54,723500,3035304,green,False,False
SPWR,2026-02-13,1.53,1.56,67,2224600,1227850,green,False,False
BBBY,2026-02-17,4.99,4.8,2,1208900,2424395,green,False,False
PACB,2026-02-17,1.58,1.37,6,11703400,8104890,red,False,False
PLUG,2026-02-17,1.82,1.7,5,73002300,65434325,red,False,False
SNAP,2026-02-17,4.73,4.72,2,57949500,38990809,red,False,False
SNDL,2026-02-17,1.5,1.57,55,583400,3035304,green,False,False
BBBY,2026-02-18,5.04,4.8,3,1548300,2424395,green,False,False
PLUG,2026-02-18,1.86,1.7,6,76131900,65434325,green,False,False
SNAP,2026-02-18,4.88,4.72,3,48234100,38990809,green,False,False
SNDL,2026-02-18,1.51,1.57,56,925300,3035304,green,False,False
BBBY,2026-02-19,5.16,4.8,4,1172100,2424395,green,False,False
EDIT,2026-02-19,1.81,1.66,9,1486000,2208021,green,False,True
SNAP,2026-02-19,5.0,4.72,4,46098200,38990809,green,False,False
SNDL,2026-02-19,1.54,1.57,57,1045400,3035304,green,False,False
EDIT,2026-02-20,1.79,1.66,10,1534200,2208021,red,False,False
QS,2026-02-20,6.88,6.95,2,15051900,17174290,red,False,False
SPCE,2026-02-20,2.46,2.46,8,1499800,4954802,red,False,False
BB,2026-02-23,3.32,3.34,12,6007400,12741056,red,False,False
EDIT,2026-02-23,1.89,1.66,11,1446900,2208021,green,False,True
SNDL,2026-02-23,1.49,1.57,59,1407200,3035304,red,False,False
SPCE,2026-02-23,2.43,2.34,2,1502200,4954802,green,False,False
BB,2026-02-24,3.38,3.34,13,6594300,12741056,green,False,False
SNAP,2026-02-24,4.97,4.89,5,30182000,38990809,green,False,False
SNDL,2026-02-24,1.55,1.57,60,838300,3035304,green,False,False
BB,2026-02-25,3.42,3.34,14,3417700,12741056,green,False,False
SNAP,2026-02-25,5.07,4.89,6,26469900,38990809,green,True,False
SNDL,2026-02-25,1.55,1.57,61,821600,3035304,green,False,False
AMC,2026-02-26,1.14,1.21,16,31019000,23138032,red,False,False
PLUG,2026-02-26,1.91,1.7,11,111220300,65434325,green,False,False
AMC,2026-02-27,1.16,1.21,17,32776200,23138032,green,False,False
BB,2026-02-27,3.39,3.34,16,5636200,12741056,red,False,False
BLNK,2026-02-27,0.66,0.77,53,1455300,4304875,red,False,False
PLUG,2026-02-27,1.79,1.7,12,118005200,65434325,red,False,False
SNAP,2026-02-27,5.21,4.89,7,37452400,38990809,green,False,False
SPCE,2026-02-27,2.55,2.46,12,1385900,4954802,red,False,False
SPWR,2026-02-27,1.3,1.4,26,2854500,1227850,red,False,False
AMC,2026-03-02,1.14,1.21,18,27617400,23138032,green,False,False
BB,2026-03-02,3.4,3.34,17,5941800,12741056,green,False,False
BBBY,2026-03-02,5.18,4.99,7,1171500,2424395,green,False,False
BLNK,2026-03-02,0.67,0.77,54,1440700,4304875,green,False,False
PLUG,2026-03-02,1.81,1.7,13,113822800,65434325,green,False,False
QS,2026-03-02,6.89,6.67,4,10630800,17174290,green,False,False
SNAP,2026-03-02,5.26,4.89,8,32492900,38990809,green,False,False
SNDL,2026-03-02,1.52,1.57,64,1232800,3035304,green,False,False
SPCE,2026-03-02,2.6,2.46,13,2653700,4954802,green,False,False
AMC,2026-03-03,1.13,1.21,19,31216500,23138032,red,False,False
BB,2026-03-03,3.41,3.34,18,6857500,12741056,green,False,False
BLNK,2026-03-03,0.66,0.77,55,1403400,4304875,green,False,False
DNA,2026-03-03,6.7,6.35,1,1726700,1175140,red,False,False
SNAP,2026-03-03,5.25,4.89,9,33209500,38990809,green,False,False
SPCE,2026-03-03,2.54,2.46,14,1967400,4954802,green,False,False
AMC,2026-03-04,1.18,1.21,20,26130300,23138032,green,False,False
BB,2026-03-04,3.48,3.34,19,6634800,12741056,green,False,False
DNA,2026-03-04,6.69,6.35,2,1301600,1175140,green,False,False
SNDL,2026-03-05,1.53,1.57,67,623800,3035304,red,False,False
SPWR,2026-03-05,1.29,1.22,5,1091300,1227850,red,False,False
BLNK,2026-03-06,0.66,0.77,58,958400,4304875,red,False,False
SNDL,2026-03-06,1.51,1.57,68,873900,3035304,red,False,False
SPWR,2026-03-06,1.23,1.22,6,1532600,1227850,red,False,False
BLNK,2026-03-09,0.67,0.77,59,1546200,4304875,green,False,False
QS,2026-03-09,6.8,6.45,3,11240200,17174290,green,False,True
SNDL,2026-03-09,1.54,1.57,69,1269700,3035304,green,False,True
SPWR,2026-03-09,1.27,1.22,7,1521500,1227850,green,False,True
BLNK,2026-03-10,0.67,0.77,60,1531700,4304875,green,False,False
QS,2026-03-10,6.82,6.67,8,9472100,17174290,red,False,False
SPWR,2026-03-10,1.31,1.22,8,530900,1227850,green,False,False
QS,2026-03-12,6.9,6.67,10,8658500,17174290,green,False,False
QS,2026-03-13,6.73,6.67,11,8730000,17174290,red,False,False
QS,2026-03-16,6.89,6.67,12,8378500,17174290,green,False,False
BLNK,2026-03-18,0.57,0.63,52,2906600,4304875,red,False,False
BLNK,2026-03-19,0.54,0.63,53,1931800,4304875,red,False,False
DNA,2026-03-19,6.91,6.35,10,849500,1175140,green,False,True
SPWR,2026-03-19,1.19,1.22,15,1974800,1227850,green,False,False
BLNK,2026-03-20,0.56,0.63,54,3522500,4304875,green,False,False
PACB,2026-03-20,1.33,1.32,10,5469300,8104890,red,False,False
SNDL,2026-03-20,1.35,1.44,44,2904300,3035304,red,False,False
SPWR,2026-03-20,1.18,1.22,16,2770100,1227850,red,False,False
SNDL,2026-03-23,1.36,1.44,45,1018100,3035304,green,False,False
SPWR,2026-03-23,1.21,1.22,17,861900,1227850,green,False,True
SPWR,2026-03-24,1.24,1.22,18,876300,1227850,green,False,False
SPWR,2026-03-25,1.28,1.22,19,722100,1227850,green,False,False
BLNK,2026-03-27,0.54,0.63,59,4241200,4304875,red,False,False
SPWR,2026-03-27,1.25,1.22,21,867800,1227850,red,False,False
AMC,2026-03-30,0.98,0.98,20,31411600,23138032,green,False,False
BLNK,2026-03-30,0.5,0.54,44,4887200,4304875,red,False,False
SNAP,2026-03-30,4.02,3.81,2,87662600,38990809,green,False,False
SPWR,2026-03-30,1.22,1.22,22,548600,1227850,red,False,False
AMC,2026-03-31,0.98,0.98,21,23970000,23138032,red,False,False
BB,2026-03-31,3.24,3.27,20,9018300,12741056,green,False,False
BLNK,2026-03-31,0.57,0.54,45,3022200,4304875,green,False,True
PACB,2026-03-31,1.32,1.32,17,9644200,8104890,green,False,False
SPWR,2026-03-31,1.27,1.22,23,1026200,1227850,green,False,False
AMC,2026-04-01,1.03,0.98,22,40614100,23138032,green,False,False
BB,2026-04-01,3.36,3.27,21,6744800,12741056,green,False,False
BLNK,2026-04-01,0.57,0.54,46,1667400,4304875,green,False,False
MRVI,2026-04-01,2.87,2.8,4,2219900,2199001,green,False,False
PACB,2026-04-01,1.35,1.32,18,8211800,8104890,red,False,False
AMC,2026-04-02,1.12,0.98,23,41493500,23138032,green,False,False
BB,2026-04-02,3.46,3.27,22,7822700,12741056,green,False,False
BBBY,2026-04-02,4.62,4.31,2,2003500,2424395,green,False,False
BLNK,2026-04-02,0.58,0.54,47,1304600,4304875,green,False,False
PACB,2026-04-02,1.34,1.32,19,6492400,8104890,green,False,False
AMC,2026-04-06,1.26,0.98,24,50645600,23138032,green,False,False
MRVI,2026-04-06,2.95,2.91,11,1678300,2199001,red,False,False
PACB,2026-04-06,1.42,1.32,20,6405000,8104890,green,False,False
SNDL,2026-04-06,1.34,1.34,30,1182100,3035304,red,False,False
TME,2026-04-06,9.02,9.12,7,5697600,7894443,red,False,False
BBBY,2026-04-07,4.35,4.31,3,2148100,2424395,red,False,False
MRVI,2026-04-07,2.89,2.8,6,2054100,2199001,red,False,False
SNDL,2026-04-07,1.31,1.34,31,2002000,3035304,red,False,False
SPWR,2026-04-07,1.11,1.22,27,1321800,1227850,red,False,False
TME,2026-04-07,8.99,9.12,8,5976200,7894443,red,False,False
FCEL,2026-04-08,6.41,6.18,8,1279400,2442365,red,False,False
SNDL,2026-04-08,1.36,1.34,32,1895900,3035304,green,False,False
SPWR,2026-04-08,1.13,1.22,28,1071800,1227850,red,False,False
TME,2026-04-08,9.39,9.12,9,11890800,7894443,green,False,False
BLNK,2026-04-09,0.59,0.54,51,1008500,4304875,green,False,False
FCEL,2026-04-09,6.55,6.35,15,1913500,2442365,green,False,False
PACB,2026-04-09,1.35,1.32,23,5580300,8104890,red,False,False
SNDL,2026-04-09,1.38,1.34,33,1584500,3035304,green,False,False
SPWR,2026-04-09,1.12,1.22,29,802200,1227850,green,False,False
TME,2026-04-09,9.29,9.12,10,5121500,7894443,green,False,False
BLNK,2026-04-10,0.57,0.54,52,1354200,4304875,red,False,False
PACB,2026-04-10,1.34,1.32,24,3593900,8104890,red,False,False
QS,2026-04-10,6.36,6.15,7,6987400,17174290,green,False,False
SNDL,2026-04-10,1.42,1.34,34,1906600,3035304,green,False,False
SPWR,2026-04-10,1.16,1.22,30,735000,1227850,green,False,False
TME,2026-04-10,9.36,9.12,11,5913800,7894443,red,False,False
BLNK,2026-04-13,0.62,0.54,53,2022000,4304875,green,False,True
FCEL,2026-04-13,6.83,6.35,14,1506900,2442365,green,False,False
PACB,2026-04-13,1.45,1.32,25,4765800,8104890,green,False,True
QS,2026-04-13,6.44,6.15,8,9241000,17174290,green,False,False
SNDL,2026-04-13,1.37,1.34,35,1446000,3035304,red,False,False
SPWR,2026-04-13,1.2,1.22,31,618800,1227850,green,False,False
TME,2026-04-13,9.43,9.12,12,6647700,7894443,green,False,True
BLNK,2026-04-14,0.65,0.54,54,2538500,4304875,green,False,False
PACB,2026-04-14,1.57,1.32,26,6339700,8104890,green,False,False
SNDL,2026-04-14,1.44,1.34,36,1647000,3035304,green,False,False
BLNK,2026-04-15,0.68,0.54,55,1586600,4304875,green,False,False
BLNK,2026-04-16,0.67,0.54,56,1253200,4304875,red,False,False
BLNK,2026-04-17,0.7,0.54,57,3436700,4304875,green,False,False
TME,2026-04-23,9.25,9.12,13,6905600,7894443,red,False,False
TME,2026-04-24,9.34,9.12,14,6661300,7894443,green,False,False
ARVN,2026-04-29,9.82,9.96,6,608500,1193422,red,False,False
PACB,2026-04-29,1.47,1.32,27,5892300,8104890,red,False,False
SNDL,2026-04-29,1.32,1.34,42,6138300,3035304,red,False,False
SPWR,2026-04-29,0.83,0.95,5,1930400,1227850,red,False,False
ARVN,2026-04-30,9.9,9.96,7,527200,1193422,red,False,False
SNDL,2026-04-30,1.36,1.34,43,5227500,3035304,green,False,False
SPWR,2026-04-30,0.83,0.95,6,2859100,1227850,red,False,False
SNDL,2026-05-01,1.41,1.34,44,2490000,3035304,green,False,False
SPWR,2026-05-01,0.92,0.95,7,1807500,1227850,green,False,False
SNDL,2026-05-04,1.42,1.34,45,1415200,3035304,green,False,False
SNDL,2026-05-05,1.43,1.34,46,2289000,3035304,green,False,False
SNDL,2026-05-06,1.44,1.34,47,2518000,3035304,green,False,False
SNDL,2026-05-11,1.43,1.34,50,2287500,3035304,green,False,False
SNDL,2026-05-12,1.41,1.34,51,1658600,3035304,red,False,False
SNDL,2026-05-13,1.41,1.34,52,2231300,3035304,green,False,False
SPWR,2026-05-14,1.01,0.95,15,1437500,1227850,red,False,False
TME,2026-05-14,8.6,8.78,12,9403100,7894443,red,False,False
SPWR,2026-05-15,1.02,0.95,16,881000,1227850,green,False,False
BBBY,2026-05-18,4.62,4.48,9,2560700,2424395,green,False,True
PACB,2026-05-18,1.15,1.23,31,7884800,8104890,green,False,False
SNDL,2026-05-18,1.39,1.34,55,2290600,3035304,red,False,False
SPWR,2026-05-18,1.03,0.95,17,1185200,1227850,green,False,False
TME,2026-05-18,9.06,8.78,13,16893800,7894443,green,False,False
BBBY,2026-05-19,4.58,4.48,10,2005500,2424395,red,False,False
PACB,2026-05-19,1.15,1.23,32,5193600,8104890,red,False,False
SNDL,2026-05-19,1.38,1.34,56,2016300,3035304,red,False,False
SPWR,2026-05-19,1.02,0.95,18,1115000,1227850,green,False,False
TME,2026-05-19,9.14,8.78,14,12288100,7894443,green,False,False
BBBY,2026-05-20,5.26,4.48,11,4829800,2424395,green,False,True
PACB,2026-05-20,1.19,1.23,33,3750100,8104890,green,False,False
SNDL,2026-05-20,1.44,1.34,57,1997200,3035304,green,False,False
SPWR,2026-05-20,1.05,0.95,19,942100,1227850,green,False,False
TME,2026-05-20,9.15,8.78,15,17946300,7894443,green,False,False
PACB,2026-05-21,1.25,1.23,34,3981200,8104890,green,False,False
SPWR,2026-05-21,1.07,0.95,20,1680100,1227850,red,False,False
TME,2026-05-21,9.15,8.78,16,15358100,7894443,green,False,False
PACB,2026-05-22,1.22,1.23,35,4630600,8104890,red,False,False
SNDL,2026-05-22,1.45,1.34,59,878000,3035304,red,False,False
SPWR,2026-05-22,1.12,0.95,21,1124100,1227850,green,False,False
TME,2026-05-22,8.81,8.78,17,15138000,7894443,green,False,False
PACB,2026-05-26,1.26,1.23,36,6286900,8104890,green,False,False
SNDL,2026-05-26,1.44,1.34,60,1156200,3035304,red,False,False
TME,2026-05-26,9.19,8.78,18,16024500,7894443,green,False,False
PACB,2026-05-27,1.29,1.23,37,3472700,8104890,green,False,False
SNDL,2026-05-27,1.45,1.34,61,596300,3035304,green,False,False
TME,2026-05-27,9.21,8.78,19,11796800,7894443,green,False,False
PACB,2026-05-28,1.47,1.23,38,9354400,8104890,green,False,False
TME,2026-05-28,9.09,8.78,20,10592800,7894443,green,False,False
TME,2026-05-29,9.22,8.78,21,13037700,7894443,green,False,False
SPWR,2026-06-01,1.03,0.95,26,2116700,1227850,red,False,False
SPWR,2026-06-02,0.98,0.95,27,3597900,1227850,red,False,False
SPWR,2026-06-03,1.05,0.95,28,10438200,1227850,green,False,False
SNDL,2026-06-04,1.43,1.34,66,1928100,3035304,green,False,True
SNDL,2026-06-05,1.42,1.34,67,2302100,3035304,red,False,False
BMEA,2026-06-08,1.15,1.04,13,2283300,1186666,red,False,False
SNDL,2026-06-08,1.45,1.34,68,1469200,3035304,green,False,False
TME,2026-06-08,9.07,8.78,22,11390800,7894443,red,False,False
BLNK,2026-06-09,0.68,0.54,55,2142100,4304875,red,False,False
BMEA,2026-06-09,1.13,1.04,13,1018000,1186666,red,False,False
TME,2026-06-09,9.07,8.78,23,14241300,7894443,red,False,False
BLNK,2026-06-10,0.67,0.54,56,1117600,4304875,green,False,False
BMEA,2026-06-10,1.15,1.03,13,732500,1186666,green,False,False
TME,2026-06-10,9.21,8.78,24,12145000,7894443,green,False,False
ARVN,2026-06-11,7.09,6.97,3,817400,1193422,green,False,False
ARVN,2026-06-17,7.67,7.28,5,638600,1193422,green,False,False
PACB,2026-06-18,1.4,1.23,47,4318200,8104890,green,False,False
ARVN,2026-06-22,7.74,7.28,6,711100,1193422,green,False,False
PACB,2026-06-22,1.32,1.23,48,4545800,8104890,red,False,False
PACB,2026-06-23,1.31,1.23,49,4911200,8104890,green,False,False
BLNK,2026-06-24,0.6,0.54,56,2308100,4304875,red,False,False
BMEA,2026-06-24,1.25,1.09,24,607500,1186666,green,False,False
PACB,2026-06-24,1.44,1.23,50,6200700,8104890,green,False,False
TME,2026-06-24,8.18,8.1,2,5112900,7894443,red,False,False
BLNK,2026-06-25,0.6,0.54,56,1194100,4304875,green,False,False
BMEA,2026-06-25,1.23,1.09,24,1104800,1186666,red,False,False
TME,2026-06-25,8.16,8.1,3,8326300,7894443,green,False,False
BLNK,2026-06-26,0.61,0.54,56,788400,4304875,green,False,False
BMEA,2026-06-26,1.32,1.09,25,1349500,1186666,green,False,False
TME,2026-06-26,8.39,8.1,4,8647400,7894443,green,False,False
BLNK,2026-06-29,0.63,0.54,56,1178800,4304875,green,False,False
BLNK,2026-06-30,0.64,0.54,56,1189000,4304875,green,False,False
SNDL,2026-06-30,1.35,1.34,73,1232100,3035304,red,False,False
TME,2026-06-30,8.35,8.1,5,5944000,7894443,green,False,False
SNDL,2026-07-01,1.37,1.34,74,1649700,3035304,green,False,False
SNDL,2026-07-06,1.3,1.34,74,4892100,3035304,red,False,False
SNDL,2026-07-07,1.3,1.34,75,1102200,3035304,green,False,False
BLNK,2026-07-10,0.57,0.54,56,757200,4304875,red,False,False
BMEA,2026-07-10,1.32,1.09,26,1410300,1186666,green,True,True
BLNK,2026-07-13,0.54,0.54,56,1512200,4304875,red,False,False
BLNK,2026-07-14,0.57,0.54,56,907600,4304875,green,False,False
BMEA,2026-07-15,1.29,1.09,28,577300,1186666,green,True,False
BMEA,2026-07-16,1.26,1.09,29,552800,1186666,red,False,False
BMEA,2026-07-17,1.28,1.09,30,523900,1186666,green,False,True
SNDL,2026-07-17,1.28,1.34,80,889500,3035304,red,False,False
SNDL,2026-07-20,1.28,1.34,81,1480600,3035304,green,False,False
